common_name,alt_name,ra,dec,parallax,bv_color
Polaris,1Alp UMi,37.66481575235153,89.26082950884414,7.286885198028504,0.6
